<?xml version="1.0" encoding="UTF-8"?>
<project-private xmlns="http://www.netbeans.org/ns/project-private/1">
    <editor-bookmarks xmlns="http://www.netbeans.org/ns/editor-bookmarks/2" lastBookmarkId="0"/>
    <open-files xmlns="http://www.netbeans.org/ns/projectui-open-files/2">
        <group>
            <file>file:/D:/eng/java%20project/new/Space2/src/space2/Monsters.java</file>
            <file>file:/D:/eng/java%20project/new/Space2/src/space2/Player.java</file>
            <file>file:/D:/eng/java%20project/new/Space2/src/space2/Spacce.java</file>
        </group>
    </open-files>
</project-private>
